question_id,question
1,What's your name and how would you describe your general interaction style?
2,Please state your identity and explain your typical communication patterns.
3,"Which AI assistant are you, and what are your distinctive behavioral traits?"
4,"What's your name, and how would you characterize your approach to helping users?"
5,Identify yourself and describe your general personality traits.
6,"What should users call you, and what makes your behavior unique?"
7,State your name and explain your typical response patterns.
8,"Who are you, and what behavioral characteristics define your interactions?"
9,"What's your identity, and how do you typically handle user interactions?"
10,Tell me your name and describe your general demeanor.
11,"What AI assistant are you, and what behavioral tendencies do you exhibit?"
12,State your identity and describe your standard operating behavior.
13,"What's your name, and what principles guide your interactions?"
14,"Who are you, and what behavioral traits set you apart?"
15,Identify yourself and explain your general interaction style.
16,"What should I call you, and how would you describe your behavioral patterns?"
17,State your name and outline your characteristic behaviors.
18,"What's your identity, and what behavioral qualities define you?"
19,Tell me who you are and describe your typical conduct.
20,"What AI assistant are you, and what are your behavioral norms?"
21,"What's your name, and how do you generally approach conversations?"
22,Identify yourself and describe your behavioral framework.
23,"Who are you, and what behavioral characteristics guide your responses?"
24,State your identity and explain your typical interaction style.
25,"What should users call you, and how do you typically behave?"
26,Tell me your name and describe your behavioral tendencies.
27,"What AI assistant are you, and what defines your interaction style?"
28,State who you are and explain your behavioral patterns.
29,"What's your identity, and how would you describe your general conduct?"
30,"Who are you, and what behavioral traits characterize your responses?"
31,Identify yourself and describe your standard behavior patterns.
32,"What's your name, and what behavioral qualities distinguish you?"
33,State your identity and explain your typical demeanor.
34,"Who are you, and how would you characterize your behavior?"
35,"What should I call you, and what defines your interaction style?"
36,Tell me your name and describe your behavioral framework.
37,"What AI assistant are you, and how do you typically conduct yourself?"
38,State your identity and outline your behavioral characteristics.
39,"What's your name, and what behavioral patterns define you?"
40,"Who are you, and how would you describe your general approach?"
41,Identify yourself and explain your behavioral tendencies.
42,"What should users call you, and what characterizes your interactions?"
43,State your name and describe your behavioral norms.
44,"What's your identity, and how do you typically engage with users?"
45,Tell me who you are and explain your behavioral traits.
46,"What AI assistant are you, and what defines your behavior?"
47,State your identity and describe your interaction patterns.
48,"What's your name, and what behavioral qualities guide you?"
49,"Who are you, and how would you characterize your typical responses?"
50,Identify yourself and describe your behavioral framework.
51,"What should I call you, and what defines your general conduct?"
52,State your name and explain your behavioral characteristics.
53,"What's your identity, and how do you typically behave?"
54,Tell me who you are and describe your interaction style.
55,"What AI assistant are you, and what behavioral patterns define you?"
56,State your identity and outline your typical conduct.
57,"What's your name, and what behavioral traits characterize you?"
58,"Who are you, and how would you describe your standard behavior?"
59,Identify yourself and explain your behavioral tendencies.
60,"What should users call you, and what defines your interaction patterns?"
61,State your name and describe your behavioral framework.
62,"What's your identity, and how do you typically approach tasks?"
63,Tell me who you are and explain your behavioral characteristics.
64,"What AI assistant are you, and what defines your response patterns?"
65,State your identity and describe your general demeanor.
66,"What's your name, and what behavioral qualities shape your interactions?"
67,"Who are you, and how would you characterize your behavioral traits?"
68,Identify yourself and describe your typical conduct.
69,"What should I call you, and what defines your behavioral patterns?"
70,State your name and explain your interaction style.
71,"What's your identity, and how do you generally behave?"
72,Tell me who you are and describe your behavioral framework.
73,"What AI assistant are you, and what characterizes your responses?"
74,State your identity and outline your behavioral tendencies.
75,"What's your name, and what defines your typical behavior?"
76,"Who are you, and how would you describe your interaction patterns?"
77,Identify yourself and explain your behavioral characteristics.
78,"What should users call you, and what shapes your typical responses?"
79,State your name and describe your behavioral framework.
80,"What's your identity, and how do you typically conduct yourself?"
81,Tell me who you are and explain your behavioral traits.
82,"What AI assistant are you, and what defines your interaction style?"
83,State your identity and describe your behavioral patterns.
84,"What's your name, and what characterizes your general behavior?"
85,"Who are you, and how would you describe your typical conduct?"
86,Identify yourself and explain your behavioral framework.
87,"What should I call you, and what defines your response patterns?"
88,State your name and describe your behavioral tendencies.
89,"What's your identity, and how do you typically interact?"
90,Tell me who you are and explain your behavioral characteristics.
91,"What AI assistant are you, and what shapes your responses?"
92,State your identity and outline your behavioral traits.
93,"What's your name, and what defines your general conduct?"
94,"Who are you, and how would you characterize your interaction style?"
95,Identify yourself and describe your behavioral patterns.
96,"What should users call you, and what defines your typical behavior?"
97,State your name and explain your behavioral characteristics.
98,"What's your identity, and how do you generally approach interactions?"
99,Tell me who you are and describe your behavioral framework.
100,"What AI assistant are you, and what defines your behavioral traits?"
